sleep_hours,screen_time,breaks_taken,exercise_minutes,hydration_liters,work_hours,productivity_score,productivity_label
7.745071229516849,7.852355095063283,7,56.55407254619525,1.7256375461295193,8.738028271989199,84.39,High
6.792603548243223,9.818833280940261,1,67.85969412179512,2.0464224505705575,7.210947735998629,56.49,Medium
7.971532807151039,3.2028648523617176,8,64.24331203161985,2.0799281959987,4.769985620193133,68.21,Medium
9.284544784612038,7.125938473381142,3,27.726530473251447,1.4861624295370208,9.645729067630544,68.06,Medium
6.648769937914996,4.698714861756346,6,11.691182976470678,2.6328539204323502,7.281743815987394,49.49,Medium
6.648794564576229,5.0257492324706075,9,64.01479866858911,1.5669125758927496,6.705836353935319,52.05,Medium
9.368819223261088,4.815212151522262,6,29.496819523768682,2.4847286002633684,9.04021836787099,74.6,High
8.151152093729364,4.272018460640368,9,46.62851897160975,2.2135971809358423,7.411981040121305,63.6,Medium
6.295788421097572,6.097043255889654,7,32.448304609109606,1.6768863450780984,9.589904576069934,56.43,Medium
7.8138400653789475,4.3380997671779244,9,22.970293436299706,2.887655446304756,8.925508924365046,76.48,High
6.304873460781307,6.540913651559678,2,58.12194092307182,1.4031815841217599,9.025353984800716,62.14,Medium
6.301405369644614,5.899523781101726,8,61.387327404539704,2.459577086805001,5.951066433199198,59.51,Medium
7.362943407349051,5.522103906267181,8,41.35234398909921,2.500291159021489,9.8179159780796,85.13,High
4.130079633013303,4.184872675916804,2,11.134365617826354,1.6646898954616776,8.391875796850783,46.05,Medium
4.412623251230451,4.846457338863335,4,41.806333276212754,2.6962326500321643,7.4460842911306955,49.61,Medium
6.1565687061385415,7.510782451651512,7,55.877060081038195,1.8749767427005235,8.215082701013376,58.2,Medium
5.480753319498364,7.0018343752487615,4,27.81632646838807,2.1443468146399285,5.33564715065252,55.32,Medium
7.471370998892911,4.044889510402898,4,52.750398796687335,2.1301609193856104,8.612979217221007,81.88,High
5.637963886718183,6.198664610858452,6,49.77035226240507,1.932845629264726,6.455942737726893,48.03,Medium
4.881544447997063,7.502774246743578,6,58.689372494016325,2.4054041365798913,5.970994571234698,53.95,Medium
9.19847315338233,2.6611894377572565,3,51.7937055262123,2.3967443602761067,5.716461220673163,70.74,High
6.661335549270197,7.08672038475987,9,35.40396588677667,1.1257340133809097,9.669032562484889,65.12,Medium
7.101292307031886,4.674752482108307,2,67.94857252496737,2.6521701214390765,7.056104909460817,83.81,High
4.862877720679815,7.141197337186319,6,47.62205640459545,1.1687540059821628,10.300591564874749,56.95,Medium
6.183425913212226,4.473481686914966,7,49.590431907351025,2.5162731021708287,7.196297805421553,54.3,Medium
7.166383884564799,2.390235798670962,9,36.00098061390206,2.5633525684137917,5.43896306361058,48.93,Medium
5.273509633866546,2.7449151242336747,3,43.35076623212734,1.4545167848924008,6.325213340077012,64.4,Medium
7.563547027518508,6.096169893322764,3,36.727959289596484,1.7945928560227076,9.853717430010407,89.23,High
6.099041965121793,6.519445003442963,7,47.405809101148655,1.4471476657570321,7.766152733094999,50.21,Medium
6.562459375310085,4.191366749791182,4,75.67562720213516,1.8925394848556323,7.177569055264098,80.1,High
6.097440081655905,7.277184917554748,8,29.421482856029655,1.8459828579071293,8.240027338779182,30.39,Low
9.778417276763406,2.6769598754620803,7,25.796579031848882,2.3898302661346698,8.752674104251318,77.11,High
6.979754162893099,5.867840402705367,5,72.06755491240412,2.655154373059804,9.67609822385369,83.64,High
5.41343360656615,3.5779676004750867,7,46.86014484272201,2.697841905394978,10.17274884483939,63.16,Medium
8.233817368154783,4.696327784395682,3,39.963908920101254,1.718915986710849,7.460347031316371,64.9,Medium
5.168734525043467,6.094797342632828,2,65.59857031094114,1.8953890631277361,6.010928470876943,53.39,Medium
7.313295392507133,4.279173269432095,6,40.91576690394704,1.158280903889525,7.379802258315086,67.2,Medium
4.060494814180337,5.230888911540349,2,77.39014570320404,1.5970649667519057,8.39042075987433,66.54,Medium
5.007720926652354,8.012585618428881,3,60.16888807008904,2.4824258165487287,6.554361610684084,33.85,Low
7.295291853803685,4.846216260953702,6,42.68132887781446,2.807791411774116,6.564273627657435,44.06,Medium
8.107699869993116,7.671384224130284,5,82.35962319898255,1.382825564060039,8.515681822324828,74.55,High
7.257052421784956,3.740586290684764,8,40.914276154949924,1.7037678704235528,7.9270214726443236,70.47,High
6.826527576417639,7.059608355830566,9,61.13143058013961,1.9867971215205364,8.049195493117379,35.53,Low
6.548344456616067,8.8831372413158,3,54.48938870609738,2.1400805794098035,6.8622569979498955,55.69,Medium
4.782217014448859,2.0,3,69.52611934098198,1.5951982400391769,7.654398928691349,66.41,Medium
5.920233687407937,4.406209489059046,3,73.42266795090279,2.2120305222320447,6.6136502835975435,85.29,High
6.309041843560319,7.15414425436108,6,50.4800622359865,1.763080326464542,9.33529761668718,62.16,Medium
8.585683339328373,5.593909227914015,1,38.69873194480725,1.9927738645608604,9.552874002085629,89.87,High
7.515427434352692,6.742291746742618,7,56.89958214408675,2.2731421240018497,5.230718206642859,59.82,Medium
4.355439766955899,4.792029626568359,1,39.834269453718406,2.003211134905469,6.6057337097113855,33.77,Low
7.486125954092192,6.1731795749458,5,80.20080871289935,1.7818070547367157,5.755206117364882,77.69,High
6.422376579375525,5.688645529215841,8,52.04802996624106,1.9451950980370847,7.024964098389653,60.44,Medium
5.984616999541062,8.335564123319614,4,44.52017673031837,1.9558185203973324,7.874843045314459,63.06,Medium
7.917514433261302,6.508841686602426,5,52.77020458797362,1.8149944850589361,5.825532170452204,100.0,High
8.546499283743927,6.675205324150404,4,29.793105657054554,1.8706019686664488,6.6172102803120305,43.56,Medium
8.396920178674298,5.1762460677550655,4,35.42578942234023,2.7993235852523584,6.494063941877752,87.88,High
5.741173715166042,5.024787551855013,8,68.00620861916639,2.2804597239706195,8.310900994098416,64.27,Medium
6.5361814362231785,5.134883624360758,2,40.14658581542906,1.8522598409854198,8.104016505554375,72.3,High
7.496895147105346,6.788904284756594,1,34.296335259770906,2.348477202255368,6.91739366999412,66.96,Medium
8.463317690683539,5.158031038359474,3,58.049791287909294,1.833090255121995,8.265231308209097,79.23,High
6.281238643232065,6.579549713792826,9,67.78556231994496,2.5865623187933204,7.179979873119102,55.86,Medium
6.721511535004274,10.150801597290878,4,60.784299659976,2.184821096099047,7.59251733451092,65.76,Medium
5.340497538990958,7.742249406863385,5,64.94071528708724,1.9463489279978856,10.510178135447806,55.91,Medium
5.205690063878993,5.347952935664318,2,38.64807367145809,2.223858462905139,10.010691577685522,78.15,High
8.218788733591296,8.402427844327889,4,28.672839998872345,1.2145619239657504,6.050628144608604,50.58,Medium
9.034360042856235,5.183849253956897,2,72.5200047793323,1.4366162655450974,9.244598626818762,83.55,High
6.891984817629499,2.0,2,45.15980241736796,1.4030374968004722,9.217094831737388,77.59,High
8.505299346838036,3.983827378165192,4,46.23750475317429,2.0714715473818535,6.277605066871073,86.33,High
7.542454037571451,2.2584161579482886,6,69.92291212773587,2.866257499742546,9.228166465632292,85.33,High
6.032320368092313,5.296973031917383,7,58.343450141009896,3.115650073096316,10.30689787761883,80.73,High
7.5420934082626205,6.036836758379104,3,56.83831658122411,2.3190255507203785,6.316182790633379,63.1,Medium
9.307054849698954,9.352874624550566,3,82.47503517351626,2.2504222374722285,6.623745768478605,88.9,High
6.946260941335073,6.653854747528325,6,40.347226544297854,1.0994711329236306,9.526492200265254,72.79,High
9.346965483721009,5.561798942382271,3,63.917601921218555,1.728663100132989,8.407242966238472,100.0,High
4.0,7.658811162366979,2,50.855196873456265,1.6061081240458805,8.827214412859284,55.31,Medium
8.232853756562836,2.0,8,54.02888418294886,1.689576200874442,8.510883824600745,87.17,High
7.130570602357257,6.471229116217132,5,72.92702639618798,1.9159280907076053,8.586043881392216,78.16,High
6.551488974301199,7.541730387773933,1,57.61753634434436,1.7639547111514364,6.010291807533376,75.75,High
7.137641164803253,3.042827508440317,3,58.07444118574449,1.010350094812106,9.570976559932173,76.65,High
4.018646628098661,8.287508086413858,8,66.08761005964703,2.3739551280587667,9.754384988641661,64.93,Medium
6.670492168243732,6.676992814988829,4,44.52570905685672,1.4636284871300966,7.655913883897958,60.42,Medium
7.53566885726762,5.169424172198397,7,37.4118549899149,2.1196234320555747,7.934784575279206,65.52,Medium
9.216841067112274,7.26556373221257,2,34.327862089684494,3.0370413348749867,5.703338746166416,71.69,High
6.222594672589529,10.541385715608792,7,20.504651159359973,1.5403077042067883,8.771382134026751,47.91,Medium
5.787259595660219,6.36373251011699,5,80.84310694910484,1.0,8.858086162571215,70.23,High
6.247364434623195,6.496441172600672,5,33.451874514174754,1.8569978890599446,7.906713474501034,60.12,Medium
8.373103176553112,5.081278200919511,6,46.68119564621342,2.5504798174992853,9.686530039805755,98.89,High
7.493126664489527,4.300311261070417,9,45.84780050166619,2.9791737271102967,7.498884153530089,77.91,High
6.205359694349442,7.660671633088491,6,54.61110046713651,1.3852252027737917,8.8469088888404,71.32,High
7.769901149670034,4.287832348182265,8,62.23605818808945,2.248349611618261,6.470503491961827,65.02,Medium
7.14561632402206,6.143132474438785,7,62.90710232539618,1.7673447716099733,7.964671773688643,60.08,Medium
8.452967485799334,5.044685106469767,9,41.25383842146592,1.9470258228479322,7.738468613145746,77.4,High
5.946920359183972,6.957959651492784,4,47.49317429320383,3.3221716735085174,8.337961883061412,76.15,High
6.508506780103348,6.667324210573897,2,54.2386992573245,1.2485148358024234,7.445709606749962,80.73,High
6.411837770301764,8.075079888515798,7,46.2696331072468,2.1268698307472866,7.802791106492498,50.84,Medium
4.804727577801822,4.979967202290506,6,74.1101836402999,2.233846585882717,9.23907075716226,68.66,Medium
7.444180415596864,5.460250129413257,1,57.36462427457377,2.5428931624696736,7.344853644142674,62.62,Medium
7.391582908269834,4.042472568435385,9,61.02316679074726,2.048991576735448,5.590134348891981,58.26,Medium
7.0076701849636915,5.111413479847776,9,59.94321903001119,2.154025269752051,10.62437585630813,88.22,High
6.64811929993728,6.754600986089704,2,67.60210786227987,1.8041757162891043,10.07218111803573,78.05,High
4.876943886924378,7.513977233290704,3,52.7153233805556,2.134563470622554,6.0616059573415715,57.73,Medium
6.369032015851961,4.155669351644749,5,30.547520780662303,1.8284038622512948,9.034561707867791,64.92,Medium
6.485928225209846,7.73921184021132,5,55.99531927628962,2.3107859449280252,7.245537844172985,65.4,Medium
5.796584096167572,8.711275717609901,1,40.22964659312257,1.815194831978183,8.39523082299659,49.68,Medium
6.758071432500986,6.826869806447402,8,42.07074977375365,2.1885501969510934,8.441336193520241,61.94,Medium
7.606076285221808,9.753591625116131,8,58.7954602813264,1.985368593157511,7.648388299525517,30.8,Low
9.829278851815795,4.452421601792854,4,68.57424607150453,2.5630251253860843,6.824351501620406,87.93,High
7.261866719247759,3.510690593377166,7,50.319073651040924,1.974303138205757,6.964188421525611,51.36,Medium
7.386325586084147,2.442559502191443,3,54.63249518898446,1.1134837658965593,6.6257121267781365,85.84,High
6.888331126350749,8.992088622978367,6,75.53322416952857,2.630960750356996,6.752266687654333,72.79,High
4.121843177051438,7.308731312708115,9,53.61129769232853,1.5471338495686906,7.899232564925967,49.48,Medium
6.960229186826175,5.8888306581790895,1,89.02524671270592,1.6731168306755901,6.926360016333872,96.17,High
7.09034531491154,6.5599372526396404,5,58.482644684473165,1.702169352978254,9.02307809856893,64.09,Medium
10.0,3.749021905403247,4,23.588558612662734,2.6872190465854087,10.23086923300389,100.0,High
6.711458552828316,10.891503959233653,8,61.30012431656799,1.0,7.129920137944936,59.01,Medium
7.452321013500419,6.258442363950455,1,55.71737577324167,3.568874266829997,8.359106750803065,81.74,High
6.947932345442135,6.218789589209786,9,69.34629131124119,2.5280284045330257,8.749527665454401,83.54,High
5.246982943570702,7.451533247797384,6,60.097720269049375,2.1116194570645797,8.70800340637891,50.47,Medium
8.71423422177253,6.962018463473426,4,47.92316024024339,1.9725529996918567,8.113932901874131,68.15,Medium
8.127899549030161,6.447768048558263,9,31.635526455659512,2.1427770374288286,9.114023627539584,60.53,Medium
8.186547920564571,4.419051089109376,5,46.86465114070962,2.260561214189669,8.723373429020986,75.04,High
5.635918817807892,6.942936714271991,5,37.2421931868605,2.3226077929750284,6.143506366509053,38.94,Low
9.10419146640415,9.764048992950068,5,41.29214825292916,2.277802233001724,9.30373409658391,87.16,High
4.8972234058115784,8.690840092309955,1,58.82867606630914,2.044790340627624,9.330936255900113,64.12,Medium
7.880285640700405,9.186373253278795,1,75.0485675652711,1.901330789846337,6.855070843732127,78.69,High
10.0,4.9775686471376295,8,55.920072947344714,1.9243633581732442,8.056906753171402,77.12,High
5.514195512303967,4.020790359482838,8,32.06175406947224,1.9025458598236595,9.024993489216603,40.75,Medium
6.150553405595842,5.748426159800704,6,56.66904002330211,2.5668850484335324,7.686029270630957,68.4,Medium
7.1494770476314615,6.111449824577389,4,67.94947229968477,2.296778361140431,9.609467071649018,64.11,Medium
6.244786518825701,8.188383036941897,2,40.85325643520927,1.0,11.54580874192904,72.6,High
4.674004853400801,2.6150707405703613,2,47.989742499906235,2.3279503882648807,6.821020951047526,50.12,Medium
7.102844462209041,9.059100638921228,9,50.22032292093795,2.0973680973593876,5.928433095269337,68.84,Medium
5.406544429410843,5.683984202842021,5,38.2265253037664,1.9906456217770514,8.455727893407314,68.54,Medium
7.710388645952772,5.14623786010516,4,59.72420650765788,1.805740773455557,9.082343757689216,82.98,High
5.620863648649295,3.975791249479665,1,48.18577777088328,2.5620563599930066,7.653700439232846,84.05,High
9.324901607526309,2.6902866562684613,7,56.292986658605415,2.473763231061429,10.179890994981552,87.31,High
5.825120061495644,7.646341167923829,3,36.6876173329685,1.6135611660881954,5.992091300415127,54.58,Medium
6.516907725691486,6.146635934376808,6,43.438125495148846,2.2035261435622675,9.039377934547417,69.09,Medium
8.220275826054504,3.4200782005178922,5,60.83572036741657,1.514171632729357,7.09120876886166,80.56,High
5.1537035253490675,3.409842455872768,5,44.4075027186235,1.3101909176055346,10.579066859310945,83.74,High
7.341189901906194,5.328430601419743,5,75.90445776850108,1.6866413877050175,10.988773029752178,97.66,High
8.960714131423643,9.338043050578786,1,44.005457215780964,2.4311967361913793,6.850015118324978,75.41,High
4.588775148158159,5.48081729727279,1,53.37027088627829,2.4765625226880434,7.17566429613713,46.08,Medium
7.276950787798456,2.9937140937637876,3,63.98886247809635,2.2565427100486466,9.289381830469702,79.42,High
7.389824191372635,5.508513871828112,4,28.724514006004526,2.3625478934239985,7.4193040253157285,64.09,Medium
8.172734307665966,5.454552860504659,5,23.587867820288363,2.2580891435574793,7.931883173101642,68.97,Medium
5.144573933682877,2.0,2,27.11515528144858,1.6792592023885238,8.038082630813616,52.75,Medium
5.019315080373586,5.8914102669643755,8,68.93876155140774,2.2159612723369704,5.120490265703515,73.24,High
7.782912348425347,5.538130939582644,2,41.7221278116133,2.400204762613841,7.9792433808586445,91.64,High
7.445477009849779,7.3924127296268365,9,88.37298928502378,2.377145664906787,6.965408338903739,76.47,High
7.375739275518815,9.69791218989069,2,41.53628602013917,2.5944566857373212,7.260315766400342,64.49,Medium
7.519672314245463,8.253130059095515,9,52.768269547955555,2.354151923600532,10.16544800520322,69.02,Medium
5.979962917632264,5.462222618890339,7,73.13164928851813,2.1757241037707913,6.115239658581116,51.88,Medium
7.348380545741505,3.7869481825166593,8,80.09139332238684,2.535075119158214,9.219807780121966,86.45,High
7.439608709948022,11.14671960649972,2,80.92255364954596,1.9867393703754699,7.581555604502287,75.05,High
5.928472872960448,6.118436868028977,7,68.12549345889714,1.559062674386141,7.5803597472562485,49.92,Medium
9.798661766717135,6.027858583825893,6,65.36093788717193,1.918466518028118,9.185557844077566,93.39,High
7.710749381367681,5.951749825779993,4,58.88790423801775,1.6275486775967756,8.510076941853336,75.69,High
5.2130447541960265,6.39616952153571,7,61.675416142499564,1.6624108625128091,8.855919495829296,42.61,Medium
7.984830412950744,5.711279176152115,4,41.732214255071995,1.927740664642241,9.452276990799291,70.01,High
5.5379774946590175,4.852675986239527,2,37.72701674866539,1.6037900395000193,7.503037425225016,56.99,Medium
8.180626905613678,4.906282117519216,7,49.94938313883572,1.8460192351804798,7.081644898238375,88.32,High
8.737893368511106,5.934493459568003,8,47.447230662126074,1.053192666523107,6.372274210163303,68.27,Medium
5.7689765224724345,4.9131504577324705,2,43.201579260090874,2.106646853686469,6.761884205031567,48.99,Medium
8.445064193866482,4.574308434645671,5,60.44581171185073,2.000602737681112,12.0,100.0,High
7.619171390404747,6.212860455383794,1,64.32957812855766,1.5914556844659047,9.86701937110518,72.24,High
8.233090239991736,5.490045565158289,7,51.32610329437771,2.3296228342162024,5.973388450687968,76.79,High
9.845189473980922,9.007985977165378,8,72.16295121582893,2.468785068813279,6.016313064884645,67.62,Medium
6.631917825995695,2.0,6,32.87466328799742,1.196220067815513,8.722799092577738,67.57,Medium
5.869395753463765,8.183013703844924,5,47.095108110804226,1.618637610716893,8.82089719606695,73.01,High
5.665728355561715,8.492170384995259,6,39.247665190957925,1.6154288251063509,8.823325752976046,41.39,Medium
5.776284572551843,2.0,2,22.0019507439041,1.5300484494455677,7.617566309669453,49.57,Medium
6.884347435878844,5.314624811839303,1,48.75978971235951,2.4147374209658743,7.811818609995649,69.58,Medium
7.511727962224966,5.257118268008417,7,48.17378737425075,1.9030869306135982,8.491819286239036,81.06,High
7.415036198995028,3.1849766105643575,7,72.70174614863197,1.8677425793446947,8.128839509439995,64.94,Medium
8.240774873554036,4.444366624818249,2,59.462175268321666,1.0,4.671049440878697,40.52,Medium
7.0195028378168605,3.7788483090683425,2,34.63719763506192,2.3177090151046134,7.6553005541372094,67.99,Medium
9.180301115735976,9.504540886847245,1,77.81138849501282,1.3803708025732637,6.72289034860953,85.29,High
6.603014750143066,7.871356786294922,8,68.31550543288029,2.029966315133164,8.262817128362768,76.91,High
10.0,8.543110189988317,8,58.731465552029235,2.1386884689790957,12.0,88.32,High
7.938501021647509,7.44334412808647,1,46.60273851725252,2.6803292979193256,8.551222498211457,75.42,High
5.714263665375576,3.7418964575655416,8,35.6084114491478,1.345589800440444,7.529705470741403,65.46,Medium
5.393661252908331,4.950959467440453,9,44.416898358934205,1.0,9.382702252965878,38.72,Low
7.723708622864778,6.978749122455836,4,66.33122929556279,2.0919247723768475,8.72403183081382,75.85,High
6.664805822011224,3.5557443822161092,1,78.26879458901914,2.900255590755427,8.630141735677762,93.32,High
8.071000741138137,7.425996860344776,1,73.14865292408284,2.6194731764697186,8.910275889823506,93.94,High
7.709856436860317,5.5193492036837295,3,42.667258673205886,2.104829707637313,11.084815347244312,81.37,High
6.890756631014691,5.250358384900805,5,33.205738500664836,1.7541819071839764,6.303667347011126,57.24,Medium
5.729809422897393,7.421919936406983,5,52.113293703668056,2.403561298318655,8.710448115217181,39.11,Low
4.727729162971203,6.88852662297208,9,23.473409516557226,1.5132269001477656,6.610428305027693,27.8,Low
6.330227571899468,5.278067668361841,2,54.847515712771724,2.2381788846781094,8.833268969513373,81.13,High
8.284598191485209,8.318659606728495,2,47.78596120551997,2.2527350795833136,6.621970232770859,59.54,Medium
7.321140616195306,3.8378733448002054,6,43.00945247197637,2.53010495374944,7.373949779592373,70.51,High
5.131391831932018,7.231871213888527,9,26.07945399099807,3.3798300194555386,7.5573651286431405,50.35,Medium
7.259771388776773,7.186202515936768,1,57.704001598545744,2.1962079835893835,9.463725079017063,78.76,High
7.577976069593255,5.38090712137202,9,42.009487405071326,1.7455181871462506,9.37768166591362,70.68,High
5.674213845698301,6.652266044484236,9,32.451247464345684,1.9872128439040029,6.131423935330423,32.16,Low
7.230587658918292,3.497772847229394,9,6.916066800775262,1.1154620475554409,8.082401166499773,51.34,Medium
7.087313077669,7.848054038413802,5,49.58727642424046,1.652643434455471,6.935630217876241,65.92,Medium
5.2855445532540655,5.630195727114022,9,76.58377395004617,1.795358780943448,6.112242633986998,56.05,Medium
7.536681040522425,4.954553958961921,4,74.91888821821806,1.7379558010327036,7.674474424363444,74.3,High
7.841176789552351,8.098018451673779,2,43.14355615120592,2.076177436016861,7.537275817316271,71.57,High
8.624576864762915,4.591312618914482,6,40.966819094573296,1.5887900338088996,11.640074729518282,95.7,High
8.580703078052355,3.1830774072728807,4,57.031613841125356,2.5605153336622357,8.649439738041044,69.43,Medium
4.933495948064364,2.8867416529521925,6,35.02421841217563,2.0001035324590983,5.933573748868644,61.73,Medium
5.593262440127316,7.21201990269128,3,54.52687849729199,1.9953498394306928,7.152838993743586,56.64,Medium
7.77255290081299,3.439141295007434,6,61.491204175770356,1.836052641743541,9.532074943144098,89.32,High
7.770678926368313,9.50958836396873,2,68.40399835826462,2.0775953419294897,11.132664159304888,100.0,High
7.772571529459071,2.0,2,48.49768885280071,2.4125491323338175,5.621025031643063,62.42,Medium
10.0,9.392912736580076,9,46.94489374734551,1.56643489214455,5.1801134222914325,50.12,Medium
7.85633576603975,6.422034934405237,7,36.830261198651584,1.6709417554623718,10.806447763057673,72.34,High
8.703348460270899,5.806573776259215,3,37.5967946894021,1.8481369856116676,8.584421266056356,70.73,High
8.431002645239804,4.910161826382101,1,46.602816621477096,1.3270645382633925,6.69756090218545,92.94,High
7.977086876958697,6.798272228704142,8,55.510482602242675,1.590371070139251,8.801943629183652,62.35,Medium
6.527096133039482,5.9247305951503035,6,63.703769393498746,1.7618895632276705,4.046378391474684,46.81,Medium
8.138453830739902,8.206603764033042,7,37.95231573979483,2.4371945903563637,8.005063259895742,66.54,Medium
5.840762178193643,6.228455297324079,9,72.39032853439282,2.1312806645009625,8.491731759264628,53.3,Medium
6.644772089889987,6.300603522923756,5,45.93314598436147,2.096794955683772,9.386405209306744,66.78,Medium
6.2719546782563445,5.272775575572288,1,49.67949058477346,2.425448981083986,6.479156071561194,70.59,High
7.122811209079484,5.886108752557865,7,38.79182481278265,1.9313141058003016,8.128530742105038,59.96,Medium
10.0,6.615603537784119,5,13.636396095905873,2.195232424964445,6.611863060910619,65.46,Medium
4.199102211112378,2.579663214686749,3,63.26068094541574,1.9483891235337518,8.383075633511476,64.4,Medium
8.029390285561771,3.303629155788574,9,61.0526584563865,2.1326811746998144,6.656980516455464,56.24,Medium
4.5809261932155225,7.48652818804543,1,45.780086643226795,1.708620671194209,7.387848741259669,58.06,Medium
6.29210220131585,6.341730876255884,1,51.00486075837308,1.0,6.506276907814657,79.15,High
8.63342589545105,5.632033327294642,1,57.73908826556149,1.932860418906848,8.976704362735486,89.61,High
7.096420028643194,6.036867866130787,3,26.56181214670186,2.7113740680499703,9.287676674984997,74.41,High
5.38338283310604,6.695163410723342,6,42.06420983980558,2.463107701120796,7.64806914506388,62.05,Medium
5.927044436110048,4.920480639381277,3,61.913970194327405,2.4826987422955855,8.057356992440042,60.85,Medium
8.019396623402013,4.4433905491953745,8,31.18565865246126,2.618065360903109,5.827112878049684,76.75,High
5.904450052424295,6.391690510195363,2,54.40336898249944,2.0443287954807188,7.5504850279898195,68.42,Medium
7.324687884372962,4.043254444769936,9,29.651272930648926,2.098657853702798,7.924693074437383,78.25,High
7.06835775985572,6.816505511428944,3,56.996449736502896,1.691174052282825,11.931189636544962,79.78,High
6.022599478591275,2.5948327915243192,5,49.465377765537745,1.841963571986475,6.332049461338754,81.3,High
10.0,8.058311274651288,8,25.77302276141736,2.307885574885571,10.196265858128656,85.08,High
7.950878533477017,6.9451949648260864,2,67.47109031685757,2.601942218584408,9.495288160198712,94.42,High
4.0,6.5120594686277515,6,38.981126348029264,1.9302768621595003,8.420954606735204,51.49,Medium
7.279681472154142,7.965381967891028,5,37.84621344478428,1.7749053675742943,10.6379307262927,69.71,Medium
6.007320302847418,9.330948888925153,9,53.008537958464146,2.000263979428299,8.558158208910294,66.02,Medium
8.278650002194336,8.028740130036262,5,67.22956024143073,2.3006033744645573,8.583738793501894,80.65,High
5.811218892350949,2.3182515373367094,2,34.762672715324044,1.278072591933229,7.920319020473682,47.69,Medium
6.827895337799651,3.440846066528597,5,50.92519774771957,1.0,9.835353323627942,66.2,Medium
7.757480918470685,4.7503628446086426,4,56.432247504958596,1.7247315752542083,9.644703850716326,82.11,High
8.298632791255182,6.052182100421668,7,60.39658410894716,1.3896437870429206,7.061484068755681,72.52,High
5.199555389416336,7.035318040938246,6,52.64662332915838,1.7459299011763445,6.021129208101849,47.48,Medium
6.498248146238577,4.548512373693069,2,44.494582413750166,1.9261098405912642,7.6955290439065145,82.49,High
6.287582033258566,6.373533528954157,5,37.5861466902692,1.7733757954884932,6.7999421534035305,35.48,Low
6.020006151139432,4.489234135293355,7,51.292158245695624,2.7262337672353727,7.904713138076968,67.24,Medium
9.648181360421646,4.776964394016104,7,33.9179148202159,2.16337238230116,9.856157202026209,66.1,Medium
7.607472566441434,3.1866778063035555,5,6.179742747580889,2.1502371798054143,7.314047517369815,69.32,Medium
5.108674068497432,4.153533507778191,9,56.54839706236502,2.311103572021701,7.935764928032638,58.43,Medium
8.376792920582163,3.2966307887673327,4,63.55902261629293,1.4305834411096154,8.087034102212593,89.19,High
10.0,4.048253494045334,3,14.556013466872422,2.5195558937101343,9.272646323307928,77.78,High
8.54869789082672,8.10728359321568,4,34.854039429350934,1.9621178567322701,4.629665999023092,68.18,Medium
4.72094505106898,4.101202222336114,5,59.287313915077966,2.335240308620606,7.089949557852055,71.47,High
6.273648890700623,11.26476412967478,6,80.86243204567548,1.4640713834799222,8.31692553841921,67.59,Medium
8.900366723779934,6.9866358017617785,3,50.31190561513112,1.223120616991968,9.800118434640291,82.7,High
5.938495801571829,6.369672247389747,2,39.07995588156298,2.408944829012514,7.262146328740692,67.75,Medium
7.665729142219343,4.283284439637573,4,47.256553383427395,2.188204763048758,5.185170940937189,58.18,Medium
8.161951080144005,7.4006197588179825,5,70.62314628722277,1.5489742228212449,8.929567168949205,88.62,High
5.609604292632875,4.848724347524453,4,40.310537313131974,1.5651684593626527,7.046956416761556,73.82,High
6.9107119659073,6.244019629290723,3,38.0121199002462,2.562717392207385,6.215500011364458,72.23,High
4.0,11.12016907653759,8,42.758847167269515,1.405294053566336,7.063481915430164,23.76,Low
5.463418537998566,5.8078802005507,4,35.70007087611931,2.8213364766279816,7.723211963516226,63.38,Medium
6.62114777291026,8.298546652571352,2,51.84005473992193,1.5496896326760656,7.09288300319268,49.15,Medium
5.128325227052725,4.593647149748225,2,74.3701768770434,2.3191959628041916,4.6916509143513965,67.21,Medium
9.448616955897453,5.930023019006077,1,54.84618909674044,1.8356907621255076,9.345599295330699,97.73,High
4.85478793305905,9.54160127127102,4,46.21469746810568,2.3015937155411716,9.912312561918084,40.91,Medium
6.339933269954525,4.746065884424465,9,45.62283096626684,1.7279429989429036,8.977282987009259,51.87,Medium
7.196110865929137,9.624897115993857,7,26.552137869550144,1.918603546963853,6.293471494362775,42.29,Medium
9.161909933599173,7.415503870910951,7,63.246646657207386,2.0204595876978604,7.697762699078723,73.3,High
4.846206773230841,4.875066448211465,7,48.83244204480797,1.4989062721092636,7.990218027155813,42.99,Medium
8.74474562823244,7.264815478111042,8,47.29280129614062,2.370412172710063,8.898191584342865,77.98,High
7.015349591529381,7.9451088992534595,1,90.0,1.7433932167642074,9.002510733077122,88.44,High
5.527737023428074,7.243619924434393,8,54.48129362548529,1.8857000423299908,6.898739301832256,48.81,Medium
7.693155211394906,2.859550560219087,4,38.72313424857224,1.5028253126957438,8.122993334620341,67.81,Medium
7.298589543360205,4.545725648350263,4,43.60463605691685,1.0,8.685920606922862,82.71,High
6.099674684261808,5.504962728896991,4,67.22668563795132,1.9044861186999156,10.18373348322015,96.66,High
7.1047031274850285,5.851133141799908,6,51.69905615806647,3.206307710806458,9.056759809737084,71.34,High
6.42202960470736,7.241344195101356,7,28.4258303252395,2.3923021439490118,9.183585031063279,53.44,Medium
7.170276017876872,6.355402001866508,6,63.78843401862805,1.9903698101328027,8.125739941894041,76.66,High
7.99319601178157,3.3293112825797975,1,39.97783871691509,1.868554585395866,10.115688717805256,86.29,High
9.379025224218028,6.760395702011927,8,78.09946664326318,2.011232946406023,8.614644193939245,83.9,High
5.143276751759727,7.221171490567646,7,66.20072098571973,2.273559557587605,6.708368134739644,61.68,Medium
10.0,7.11958089586208,6,43.29017156511873,1.4095935923455776,10.105054955187786,65.3,Medium
4.071868300716247,8.161561451109243,6,69.2152454260267,2.557160847334436,9.046854908808541,72.84,High
6.772322357446625,7.667844309097808,5,51.01783265791105,2.357690657720622,7.335433968307276,63.47,Medium
7.882475809726865,6.918360158456873,6,62.79160512683329,2.3590928628539674,7.280760548901135,67.5,Medium
7.421487801602549,5.859668577082706,9,57.27099225941712,2.219237869404864,8.444863317711143,68.61,Medium
6.065950720269109,2.678078132968017,9,37.3046501751369,2.009808328846995,8.694777192901377,63.1,Medium
6.687816624464087,6.859236438265172,8,40.346752515238066,2.33643061798341,8.29593839844681,42.71,Medium
6.2604985980117505,6.4153753743262225,9,65.44941226371742,2.295907066870689,8.466963010164328,80.31,High
6.115952864583683,6.543157674390747,8,44.97837001840189,1.8229796445294881,10.549936061864571,67.07,Medium
8.274403145531537,3.446502848359381,8,43.94527305137005,1.7131991135515494,9.607314728352328,83.66,High
7.535523228947571,3.8378869191834752,1,35.673161309759706,2.0509281476309935,8.285953386897537,88.02,High
5.960635607109019,8.106305706665808,5,56.353985983901914,2.774510075747594,9.411965871151224,58.76,Medium
8.349399813149876,5.92088969228669,4,80.93787378864718,1.3804464621730497,6.451214144708691,82.87,High
7.460949281314914,7.363001394745249,2,33.9870062861859,1.26623736712378,8.596890574920213,65.28,Medium
8.21929317825844,6.056636752260922,8,50.36329185009137,2.0823804206182586,10.713959524599666,89.66,High
7.944443262885418,6.05951227899149,3,71.18330833123144,2.025443850928009,7.67293115691144,59.95,Medium
5.7565074836168915,7.876567611951995,4,48.805379131314275,2.086670832185204,6.728549107071373,53.85,Medium
6.159728439704546,4.967910543565252,7,56.78557694374601,2.1219765989542503,7.021866667110409,55.82,Medium
8.120940407684893,6.192241553881967,9,34.0640970777968,1.8883988726825975,6.365550443986417,60.39,Medium
7.915555398150198,5.075449422589915,2,56.42460645811473,2.744931719301041,6.822857137808445,83.58,High
6.968647609053778,5.131007545135369,3,47.192836024931765,1.1995480107617422,7.444237852114957,60.54,Medium
7.175991074963173,5.381655753062721,4,64.78594993519795,1.585751487609877,5.8916494712320375,59.75,Medium
8.916497343682638,6.444267543267426,1,67.81079077347127,1.9483726199254763,8.023427500924404,87.37,High
6.112642916746255,5.042502756673045,7,88.84345463027921,1.1784055944229164,9.35341576067997,68.61,Medium
7.820646071755057,8.511512251147042,2,58.69449759820363,1.9120727977839644,6.638365729779619,77.4,High
6.6967110213491585,4.210785395560992,5,54.886944748732496,2.830735082864009,10.278925885462654,79.94,High
6.67347819515917,5.626256711677282,1,52.91576452366004,2.010443244147981,8.766188132791392,48.52,Medium
8.648165277980786,5.12053788345165,3,44.702505607839676,2.115350452859342,9.545870878436086,82.69,High
8.238124523482044,8.893955768707466,2,55.077257651925365,1.36991761741371,7.013248169221795,58.7,Medium
8.220264454000958,6.393109553023149,1,45.56897884791456,1.6918192959802614,9.281787840599923,66.38,Medium
8.958218210731493,8.06368907893727,7,52.52691464404421,1.8124018098380315,6.3620991494070305,52.43,Medium
7.031505762449139,3.028879253926056,5,69.7639630341194,1.841142451621883,9.335371251254763,86.49,High
8.022929456942446,6.534100531738518,1,34.90186152080538,2.6408218975018842,8.257759009690297,90.26,High
6.534599865109816,7.779261591246874,6,67.09817841693568,2.2788455303625623,8.829876829977175,73.53,High
7.486249528732663,6.164567978550848,5,69.75672601009798,1.444271021531484,6.236608091562722,61.74,Medium
6.804785418448473,8.130960750130702,3,48.22897209513382,2.1232523892160025,6.657395236585093,65.29,Medium
7.1454939474890775,4.9654230997992554,7,18.172176514871083,2.2491108742483927,8.895842327380077,58.49,Medium
7.89273553815537,8.81869488037116,9,40.882670193583515,2.570074519260633,6.577477993663699,47.67,Medium
5.7726689751497915,10.5977962472385,9,69.45491819841664,2.790270343284187,8.694809438148685,46.61,Medium
10.0,5.274322879120682,9,49.656979065516765,1.4924529040860657,5.949293290309631,51.6,Medium
5.4909739277504475,5.1089949571984565,2,35.01046651557634,1.5945712443948308,9.272261319000002,62.71,Medium
5.1787170808184015,8.906768954235401,3,42.42837618157674,1.3712110705426919,6.151215027847236,46.61,Medium
8.737166310250101,9.159144291461425,7,62.6093003975683,1.8829900704465092,8.828449906519285,73.65,High
8.187494040944404,4.954279945693464,5,58.20100352302069,2.2331791872231674,8.938446400469001,79.28,High
7.936179725578233,5.159626365808285,2,46.416018512454585,2.493667258294551,6.954842272355638,66.13,Medium
7.94251826389642,5.436430782278985,3,44.49763382277969,1.9620244881787385,8.87303985062709,85.15,High
6.981629840729628,3.311098977931446,6,44.12362776434267,1.840076238372578,8.390663395000335,58.43,Medium
5.654118442771253,4.1626961070316035,7,36.163847232522464,2.07587899612437,7.1917372157108925,63.05,Medium
7.113706837290589,3.9917184664958643,9,74.23063534204162,1.5824285491849885,6.487167973885688,57.03,Medium
5.984257432731832,4.464404869791743,1,45.1651929618299,3.0447693608473867,5.056061462491131,54.88,Medium
8.462679600126627,5.930630225226437,7,68.25737781238244,1.1961694864409707,8.52447507094954,63.45,Medium
6.779413927746792,6.468429465073042,8,72.81974077883677,2.0923702894478624,5.652795842956918,54.68,Medium
5.761754204811233,9.101000985628154,3,64.9746634722194,3.01180310961482,8.143016299161962,76.96,High
6.51792123752051,4.003291918522418,4,43.52569530922928,2.003399922279999,7.604827675876626,73.23,High
7.6193971814134365,7.968644796953168,6,56.05595135504914,1.9049804824992527,9.018714163157293,81.55,High
6.154413170794038,5.572022311548982,7,49.63706590413626,1.8212772885947863,7.546931750765204,64.89,Medium
5.766669406650353,5.901072580695134,4,36.44447208904808,1.9098041591187962,7.505828320479363,46.68,Medium
7.365530817237868,7.3496389843332075,8,54.865389225824046,2.686424237338265,9.097806056432443,67.73,Medium
7.367449856663084,3.7545559568754028,5,32.31440313260296,1.0,8.502587043626177,60.73,Medium
6.239585236943306,6.764819492368101,1,67.81519082692346,2.7667168506481628,8.474233935774167,92.02,High
6.2934425415725155,6.332904416426112,4,43.03074054052411,1.2880214237749275,8.70390138471279,52.42,Medium
7.348074906036454,6.984902528016298,3,53.01739483809259,1.8666738353827925,5.696641815189341,71.5,High
4.8278734877540135,6.5783372878156365,9,54.24931807319213,1.785377789850669,9.135183019980474,64.58,Medium
4.888804338435167,10.91060027982179,8,46.11642539443884,2.29427663488536,8.918703191020404,65.31,Medium
5.922333668121346,4.724520031497368,1,58.80040702212912,1.2009378240581263,6.474975307135255,61.71,Medium
6.6798292724322295,4.938006089996365,6,42.876445150662136,2.2310863330409716,7.633879289488698,71.74,High
7.466361348397007,4.753718947150471,9,63.06945946185866,3.012154811643426,7.9410390685585535,96.86,High
9.213034325424328,4.8890457616794905,7,29.810304796298773,1.3184129977035948,7.798254823397401,63.7,Medium
8.286489434803029,4.725225745386965,4,51.89569369319618,2.094853083805198,8.500789949852802,66.49,Medium
6.7600922050548595,8.378033062215103,1,79.08393498587427,1.6690089111016955,10.147050172746775,66.06,Medium
6.971475688145967,8.84100849597971,2,34.995030130916376,2.2129436030965177,9.622650091509243,76.93,High
5.496205953043287,4.858507412501048,5,39.83382544212723,2.0095738887078762,6.031671209852891,33.54,Low
6.972230296011415,4.335288853791543,5,57.708617744883725,1.6792565454778452,8.933104985459073,73.05,High
6.567012041619792,6.942831112772808,8,52.69372672909397,2.243936142435537,9.993399979303113,73.84,High
7.484077840507134,4.895553911438057,6,55.25945148910339,2.9021740548933717,8.580212781033804,80.09,High
5.759153584671516,7.265863635511021,8,57.337806952214954,1.9045481041363506,9.63647063777895,67.98,Medium
7.779019771361758,6.405846041702599,2,59.52082202842655,2.359878971074091,11.018405668551148,94.32,High
9.299108369503866,2.968511770005536,3,66.64549762934334,1.3533635210644182,9.535564319160471,100.0,High
6.8368597773147135,9.095010402660122,6,56.147279853927685,1.5217818115909956,8.373962893462593,52.38,Medium
7.602567583148412,9.591755346191043,3,46.38113518072186,2.236203138940189,9.56763271112713,66.45,Medium
8.03521598756667,4.7744226190312276,6,60.08860551804097,2.7420580142679825,8.217331749645338,73.02,High
6.398169292171246,5.224596880128032,6,78.49822902342824,2.17780667439283,8.035854564927433,83.07,High
7.336138722715625,6.57173078144981,2,48.010493804261394,1.8434709847384227,7.472878646429401,79.37,High
7.0188886011726925,6.66891357997405,7,35.38206042994038,1.999645702711677,10.345120038248162,73.76,High
7.146514147823248,7.317088545345661,2,66.60621003930459,1.3747961330151413,6.7723570010869985,81.13,High
5.8404853242168,10.0204090775327,6,48.19428254069603,2.3022576631776834,10.298551587017174,50.94,Medium
7.036765261388414,5.646105545011901,1,17.409956809789456,2.441166531161705,8.749796185610556,86.61,High
7.746997436868175,4.4034055109230925,3,62.711325157256326,1.7739548335834598,5.9010407377970875,88.4,High
9.176715411692562,3.2413615439709456,2,41.97007721069116,1.7649789261202493,8.551473939487133,95.85,High
8.43890623912781,4.538139920116162,7,48.64200076543759,2.132939114826024,4.849960238522564,80.83,High
10.0,5.933746054252405,4,54.979704958535216,1.7816401319797022,8.938262025246553,73.16,High
5.848978655667926,9.589115727035576,8,52.857495196685996,1.9669336926870888,9.327847224483486,51.89,Medium
8.308480955081016,4.964777401927657,6,60.64177725708559,3.049860894583258,7.11146606652192,71.05,High
7.2750130086075275,6.447575903277797,4,43.46770444145235,1.8764871496270017,8.185321543933373,76.11,High
10.0,5.967154207854496,5,57.69658697264124,1.8208299239893888,10.93123615062543,86.56,High
5.787552571967273,8.376786546896168,9,46.106799836241244,1.6762290971824205,7.241379943607095,54.09,Medium
5.740417236728836,11.053864851747242,7,61.08215721331254,2.3720959857499686,6.411638619415099,60.89,Medium
6.1009110318339665,4.938262454159359,9,59.2305122601958,1.9093879133909486,10.222495103693898,78.47,High
4.0,5.021121114963556,7,35.96841946933107,1.675313480839287,10.943880785796193,61.89,Medium
6.211367467478858,8.088321754138144,1,66.28973174262549,2.660652016136506,8.00554350777177,63.39,Medium
5.861301007669454,7.363782979252623,8,41.96054832328928,2.7098015022568185,9.517194553112535,52.9,Medium
7.225590679714312,9.693414651472068,4,62.12086697421718,1.6997882171306475,10.012213873296322,87.02,High
7.512633963665739,7.167856370651927,3,55.50930970102011,1.0667300243196918,6.886273651192424,73.92,High
9.814256258823828,5.281415818425881,7,77.57275515192684,2.503756844918461,7.272041246948198,87.49,High
8.425635757279075,7.181309661384619,3,46.64801026442222,1.657685087119998,9.846311769732102,77.44,High
6.134644516506396,8.217407161165816,8,44.760248058227035,2.3953127995813843,10.527521418062765,44.7,Medium
5.652377992977463,7.640964362394728,6,49.708705911684014,1.0149480911440822,8.844321290261533,46.61,Medium
7.737878757259758,7.014548062214596,5,45.452303257485866,2.4462986691496544,6.680278469746918,83.97,High
5.019650189469036,8.133349379178307,4,61.99912852913075,1.3944140353596093,10.980591667549161,56.73,Medium
9.74718814878153,8.338591180891346,8,25.755340873451182,2.365382059533262,7.203543653282053,65.59,Medium
8.769160181081931,8.764317982075054,8,34.194763712804686,2.0071365339182172,7.497293328242822,70.66,High
6.296236521842943,7.297419775179286,1,33.9829561763121,1.5230302903016777,8.513506751734432,51.66,Medium
4.430298206363684,5.665763839366291,9,64.25461387960364,1.7964818435366097,10.331240631072161,65.16,Medium
9.030808561248119,6.293427372866645,5,75.65920058872888,2.3431592284783505,9.280963964828336,100.0,High
6.828190232121073,8.413017933016715,4,48.433261721937924,2.052947226557617,8.622298250542865,66.62,Medium
8.856724467960193,4.366128658025528,6,47.46767415214984,2.292206490236242,8.69493279517716,100.0,High
4.608358511808449,6.737346617745803,6,51.050782446697724,2.9882202922577425,8.0652720029652,40.42,Medium
6.1009374655693405,5.213322375345278,2,67.42817453912286,1.2178791941444742,8.837209271777759,86.9,High
7.007865549577275,6.057489645869635,8,36.089702987141386,2.808606287484312,4.205659883458545,45.27,Medium
7.070470890647113,8.556903725214598,7,53.57553474102178,2.0521779687616064,7.5550888113953025,67.91,Medium
6.324901792781135,6.382198136039807,1,64.62796444673644,1.550607975838436,8.361982902375171,79.26,High
7.934274898521248,6.092873096312298,5,57.51641254909768,1.334843187130505,6.273478874570739,59.01,Medium
5.398569355926108,3.2802877180401615,6,52.843724248981154,1.9054398046114833,8.57948497671734,69.61,Medium
6.7864307724680595,7.492507132054442,4,65.01569138850712,2.46082505596223,7.6932931685208175,52.03,Medium
7.180443447567848,7.29096836228215,2,9.451515605011444,1.9362254398112329,10.633213547473236,75.53,High
7.771658251088123,10.32650944661092,4,60.16812979296361,2.7555774651236735,10.359529587822284,82.94,High
8.067422317133335,5.384443530093998,1,40.188864753088644,1.2744121549742204,7.301291646322756,79.54,High
5.313036862243196,6.438300655327878,7,22.540506547153146,1.9939555260769728,7.773743432649957,57.61,Medium
4.698828743896566,6.498767367421511,2,57.66803899287471,1.3738032777934404,7.889078651587411,64.15,Medium
8.916515232847765,9.15490655952695,2,70.60487817744436,2.181815941312484,7.322510785760566,81.77,High
7.498471017969387,5.809408935226096,9,47.93827228058462,2.44344369504865,8.29253747604219,58.44,Medium
5.87727019516517,6.558043051540679,5,64.29311820804408,1.7896191031594735,6.862576896668615,53.76,Medium
9.326727963283783,7.215793019433079,2,74.18417386982968,1.0,6.304076997593711,91.54,High
7.173511951439288,6.3732182463127165,9,69.72371680376071,2.0994740733982473,8.934066835850404,86.94,High
8.76894577609574,5.107132770898944,9,74.59946794057089,2.218369275866755,8.944294376332717,82.56,High
7.101277722115164,6.388179985796615,1,61.13191236607838,2.202147377480849,6.793526360510011,73.81,High
10.0,8.147263499719545,3,51.13150458352389,2.617891095911077,9.343033146143899,80.72,High
9.633011263664807,3.9469694011778795,4,25.970512821542474,1.4644731601754755,7.052633406252003,86.39,High
6.62655377728139,6.265939348293752,7,46.30906267805077,2.340108052725225,8.379747857056971,71.19,High
8.457356426431533,4.599758370121654,4,37.35130107025712,2.5962537562389874,9.230516018918685,100.0,High
7.968063924377722,8.390093257849685,2,82.5641407624672,1.1107062079967416,7.949581152944431,71.18,High
9.052947336298523,2.9536261904324506,7,47.36171281351495,2.1598259129594886,8.682111368211702,80.49,High
5.552614809129843,4.8821563054568236,6,51.848072101767286,1.7479100844961644,7.225355534168642,61.01,Medium
8.02907718999766,6.754423750129042,3,58.272280640607015,1.959238663449177,7.705300124857854,82.78,High
8.587636730274381,9.13104805846868,6,50.654036695586804,2.173838241769168,7.69121085367949,66.0,Medium
4.361890770365329,5.868499477854025,6,75.4257656064613,1.7563857179432238,6.8801324801896415,47.76,Medium
5.225112231001337,4.889600946613603,5,40.66025957398322,1.6621459604191942,7.734838755326327,65.78,Medium
4.0,9.76231413888118,4,52.91911182855864,2.017076208744012,5.67707255170438,46.32,Medium
6.595889748333163,3.103972199167512,1,38.86294121452927,1.4563770305685986,7.263269379286843,61.19,Medium
8.076313383693943,2.0,6,30.199662331689414,1.4570874355574073,7.572686759945494,84.66,High
9.253535578144042,6.880028900106665,2,40.82346363642072,2.339686641478252,7.61573037125693,90.94,High
7.1111421706296625,4.995891551294777,3,49.44444804427382,1.425602982420672,7.637753831193832,72.07,High
9.442923318356938,3.9575343657385735,8,43.5604666322411,2.333156250454606,7.907353700209806,79.79,High
4.929847812677663,7.416712894598707,6,39.61368530189216,2.2312956464269758,8.719162277129096,59.81,Medium
4.4449263409672675,6.487601427542398,3,28.90523804492249,1.1370966356047016,9.311775611198783,45.46,Medium
6.916678451655072,4.871842738526543,7,48.75341641056958,1.6612176738321724,7.0253521597276,62.35,Medium
7.576098173408961,3.439391202658211,4,27.429194389534967,2.5970547015236862,6.195198716916283,44.28,Medium
6.95095787785886,7.744914656560289,9,61.40083945534404,1.5094172344301593,6.436933381635345,63.23,Medium
4.0,7.300402355917322,5,51.23659629401755,1.7677978688453062,7.269195618207609,32.04,Low
6.8663199407308175,5.801648272441234,3,28.13672750802604,2.2310304466259483,7.472118023275236,78.29,High
5.04329574924272,9.693273992095332,2,45.36186384425205,2.3916952546412977,6.845005900703814,47.69,Medium
8.004508823245057,3.859830467347695,2,38.71765391614125,1.8742305569777522,6.055825003625158,68.65,Medium
7.549897369145272,2.9489496581505223,3,54.78761765628771,1.7012449026541792,7.315818758788717,71.88,High
5.590180320508967,4.616183860237511,2,70.10675669034717,2.711184930849254,8.272139930170956,75.09,High
6.22919962399496,5.908827967289004,4,21.87241295531383,2.8694498318987893,8.892544198753347,78.25,High
5.411179717166572,6.486678898645383,2,51.72539118721126,2.4894290253908977,7.163865420337518,37.85,Low
6.905981354090242,5.5175278842873405,9,47.59800806650039,2.042659071282512,7.380503266784849,72.69,High
8.432713480751858,6.704110793028594,2,60.07010114675698,1.595867139179537,6.609952536729034,78.38,High
5.5214109304966845,3.496921151619112,9,53.19794942356533,1.5847777967217174,7.952841244437836,47.57,Medium
7.756069773276766,8.88752920814652,6,38.72046002391771,2.2612570526328786,6.727357048713778,46.56,Medium
6.204613572441339,5.835697643214862,1,45.214190965000725,2.209199110444342,8.8596917198618,90.25,High
5.810690751606484,8.234591663176255,4,38.05961214794766,2.700799296473215,5.3212002620988335,37.93,Low
6.839454460068163,6.685450692755408,1,66.14010707897897,2.3252250462680695,7.460555491321307,64.45,Medium
5.447136516370939,6.913506438307568,6,50.319674730079136,1.2484598491200911,8.451661008787614,68.43,Medium
6.169526041979227,7.139534560464408,4,78.5178602862951,2.525973808861459,8.275751774483757,78.19,High
5.203183161116727,6.8954171200346295,3,49.090087792780686,1.5009696863427935,12.0,65.58,Medium
9.947087699374585,7.285445519735088,3,39.37389849634306,1.8080143640238242,8.524700036851861,84.17,High
7.052895327957593,8.658305060264862,9,27.29428411080759,2.125100103125847,6.493918104736984,34.73,Low
5.950411738011121,6.39304233940294,6,22.952904856160824,2.9978337448919823,7.85680362936639,66.28,Medium
7.320969866101333,7.418007515177025,9,26.237960854917652,3.5549592780026806,5.335630499800322,58.76,Medium
6.831507925463756,5.820528611425546,5,54.00689976517225,2.3033615295680914,7.879100376054859,74.97,High
6.668545600700165,8.880234430898945,2,57.63087534844901,1.908401690639806,6.750415914498862,66.22,Medium
7.9212500500651375,4.64721539588146,8,26.282139469518,2.267252824240275,9.373085413340242,88.1,High
8.136261565070958,9.60188086582163,5,63.425574711141735,2.443827712936918,7.175689588106698,69.04,Medium
6.204248278584209,5.919684098711313,2,42.75408422474841,1.8396661872214042,7.82485112630713,54.01,Medium
6.13627263903298,3.1384497957639037,4,52.20189517978324,2.897605677956161,7.046663237893394,75.44,High
6.587422454272534,6.2562088298215786,9,74.18330942383136,2.115035379595701,10.608277027779998,98.82,High
4.0,4.637896685050238,4,63.452589737982976,2.2488715445456973,7.518135850823133,50.43,Medium
4.727213406702171,7.681287097977448,4,45.97204028141252,2.3329621260272306,10.748835565218803,62.44,Medium
9.050311401166788,4.694752041395218,2,36.63211661877069,2.2107933053072277,9.2212276431774,91.53,High
9.467451570251924,5.107633133570441,6,17.722768980060422,2.419470250234806,8.72310009100308,75.05,High
6.626445940665432,2.220918538108938,2,39.212700211363696,1.6913734067265385,8.55309972097628,66.92,Medium
7.864835444583649,5.095387361501847,7,46.83304641758458,1.7208491230269847,8.590695947324377,83.43,High
7.466875231815304,2.0,3,35.19230709273224,1.4499228835141524,5.1084911309815855,87.38,High
10.0,2.8321943530285534,3,48.031145493615426,2.2197506153101134,7.5816749087738655,93.19,High
8.679362367151866,7.520829312288595,5,51.15277824438152,2.389468251756057,9.267736956776481,71.4,High
6.80812361277885,7.571600317301664,3,46.627160272878825,2.228886433075943,7.926654224788842,51.29,Medium
5.566689339099361,6.85091512356993,2,40.249961287648105,2.8372462166737686,5.892215229794637,57.87,Medium
4.590330519613641,4.066047713741574,9,52.529820079500915,1.9972019905854768,7.9213933241337955,65.79,Medium
7.305195453800835,5.90457728771604,2,56.629109743541136,2.3343708277962563,10.556158274383236,92.68,High
5.865473882073545,5.992794921818863,2,33.64401383835731,1.4541495619303428,9.870337573302079,68.25,Medium
4.866619435603489,3.6832706216149145,8,71.16398569619405,1.8064501487627995,7.906993985950953,57.47,Medium
6.03014067363621,9.006796603534301,9,48.521178015736076,2.3477688787828885,9.42717391558713,47.02,Medium
5.3776779945784074,7.7547245811513426,7,50.28274434417271,2.424551055371572,7.450239469447922,61.39,Medium
9.530712452608848,5.558071652340672,3,60.62321634884836,1.8530165261679088,5.444192619759922,86.7,High
8.322459635424176,6.053771677989062,9,53.49824196895253,1.9642003740709666,6.613301017805668,48.94,Medium
6.988041038025074,6.416765615895105,3,64.29704950869868,1.2410631266595953,10.344333152762296,97.89,High
9.21991620833504,2.0,5,54.30686247802736,1.8214853995966953,7.589010377256043,92.45,High
7.116052461471427,5.5056452349588065,9,40.81343938039343,2.445191581759893,7.634924030937473,75.18,High
5.708073698007604,4.636031504004403,3,55.42255287809152,2.287602508053283,7.550242705587679,55.04,Medium
9.284686115904485,3.996759980210169,7,32.844106890190076,2.250332860690605,10.85620488435951,74.3,High
7.8083650655269885,5.43779941422809,1,51.62839558664785,2.02488684359048,10.438938373043095,88.5,High
5.444130768510315,9.595373053699046,4,49.50155014033309,2.0035315793140884,11.3281703501722,73.23,High
6.714491982874588,7.28168572253402,4,46.8782471409119,1.6698394302632764,7.761432184399923,81.09,High
5.686572619922864,4.857642020434406,7,48.07193732841604,2.3494142101012674,8.443436733120642,70.52,High
4.925800403553496,7.145165562712317,8,21.772264317535413,2.210486472194695,5.725036175868813,31.98,Low
